,id,title,abstract,pillar,research_category,truncated,LR,SVC,MLP
2096,EP-4739778-A2,RNA MOLECULE,"The present invention relates to RNA molecules, and particularly, although not exclusively, to methods for preparing RNA molecules, and to methods for translating RNA molecules into protein. The invention extends to improved methods for forming RNA by in vitro transcription, and to the resultant RNA molecules. Furthermore, the invention relates to novel methods for enhancing the expression and/or translation of RNA, i.e. protein expression, and to methods for improving the stability of an RNA molecule. The invention also involves reducing the activation of innate sensing, interferon generation and/or degradation of an RNA molecule in a host. The invention also incorporates the use of the RNA molecules in vaccines and other therapeutic pharmaceutical compositions, and their use in immunisation and therapy, such as RNAi, gene therapy, gene editing and protein replacement. In particular, the invention relates to locked nucleotides and locked nucleic acid (LNA)-RNA molecules, and the use or incorporation of such locked nucleotides and LNA-RNA molecules in any of the above applications.",CM,Cell line development ,False,True,False,False
2040,WO-2025233614-A1,REACTOR APPARATUS,"There is provided a reactor apparatus (30) comprising: a reactor vessel (32); a media conditioning circuit (34) in fluid communication with the reactor vessel (32) so as to permit circulation of reaction media between the media conditioning circuit (34) and the reactor vessel (32), wherein the media conditioning circuit (34) includes at least one media conditioning module (46, 50, 52, 54, 56) configured to, in use, condition the reaction media within the media conditioning circuit (34); and a fluid flow controller (36, 48) configured to, in use, selectively reverse a flow direction of the reaction media through the reactor vessel (32).",CC,Bioprocess design,False,True,False,False
1128,JP-2026503396-A,Food powder with improved stability and method for producing same,"The present invention relates to a method for producing food powders with improved stability, in particular, reduced hygroscopic capacity and reduced hygroscopic stability. The method comprises providing a liquid food composition, drying the liquid food composition, and adding crystalline monosaccharides and/or disaccharides to the food powder. In particular, up to 30% of the monosaccharides and/or disaccharides of the food powder are amorphous, and the remainder of the monosaccharides and/or disaccharides of the food powder are crystalline. (Selected Figure)",PB,Ingredient optimisation,False,True,False,False
1862,WO-2025181349-A1,FOOD COMPRISING FISH MYOGLOBIN,"The present invention relates to a fish or meat substitute or a pet food, comprising a myoglobin from or derived from eastern Pacific bonito, sword fish or Atlantic blue marlin.",F,Target molecule selection,False,True,True,True
1267,US-20250215412-A1,Fusion Polypeptides with Deamidase Inhibitor and Deamidase Domains,"The present invention relates to polypeptides having deamidase activity and polynucleotides encoding the polypeptides. The invention also relates to nucleic acid constructs, vectors, and host cells comprising the polynucleotides as well as methods of producing and using the polypeptides.",PB,Ingredient optimisation,False,True,False,False
1150,US-20260132363-A1,A CULTURE DEVICE,"There is provided a culture device having a base with a first surface and a second surface fixedly arranged with respect to the first surface, and a flexible side wall extending from the base and defining an internal volume of the device, the first surface and the second surface being non-coplanar.",CM,Bioprocess design,False,True,False,False
399,US-12543765-B2,Method of making a dairy-free sweetened condensed milk,"The present invention relates to food compositions that are suitable dairy-free substitutes for sweetened condensed milk, processes for making such food compositions, and uses thereof.",PB,End product formulation,False,True,False,False
1213,EP-4658080-A1,RUBISCO IN CAKE,"The invention relates to a dough, batter or instant food mixture, comprising a non- denatured ribulose-1,5-bisphosphate carboxylase-oxygenase (RuBisCo) preparation, a starch, a sweetener and water and to a heated food product, preferably a baked or a fried food product, more preferably a cake, comprising a heated dough or batter according to the invention.",PB,Ingredient optimisation,False,True,True,False
2335,WO-2025071427-A1,APPARATUS WITH INTEGRATED ELECTRODES FOR ELECTRICAL MONITORING OF CELL CULTURES,"The invention is a device, shown in Fig 1., comprising at least one well with integrated electrodes, layers forming plates and at least two integrated electrodes positioned in at least two different planes inside the well, for electrical measurements of in vitro culture of biological constructs such as cells layer, 3D tissue constructs or organoids. The apparatus comprises at least one well with at least two integrated electrodes with at least one suspended electrode of the at least two electrodes integrated into the well at different planes, or with the plurality of suspended electrodes realized on multiple suspended layers in different combinations, Fig 4., The invention is a measurement instrument, capable for electrical measurements of in vitro culture of biological construct.",CM,Bioprocess design,False,True,True,True
1272,EP-4676238-A1,METHOD OF MAKING A FOOD PRODUCT USING MICROBIAL GROWTH AND PRODUCTS THEREOF,"Described is a method to prepare a food product, the method comprising steps of, providing a scaffolding substrate, inoculating said scaffolding substrate with at least two microbial species, the at least two microbial species comprising at least one filamentous fungus species, preferably a first filamentous fungus species and a second filamentous fungus species, and incubating said scaffolding substrate to allow the at least two microbial species to grow inside, outside, or inside and outside said scaffolding substrate, wherein the at least two microbial species enable a prolific growth of the at least one filamentous fungus species.",F,Bioprocess design,False,True,False,False
2063,US-20250302085-A1,"DIE FOR EXTRUDING A MATERIAL RICH IN PROTEINS AND WATER, AND SYSTEM FOR CONTINUOUSLY PREPARING AN EXTRUDED FOOD PRODUCT, COMPRISING SUCH A DIE","A tubular casing centered on an axis and a coaxial core mounted rotatably about the axis. An upstream part of the core extends into the casing so that a material flow channel is defined therebetween, which is annular in cross-section and centered on the axis. A downstream part of the core extends outside the casing and is coupled to a motor-drive for driving in rotation is fixedly secured to the casing and coaxially received in the casing so that a passage is delimited therebetween, connecting a central inlet of the casing and an upstream end of the channel. The passage is shaped so that the material advances through the passage forming a flow that diverges from the axis toward the downstream and is distributed around the axis. The male divergent part abuts axially against the upstream part of the core, supporting same and guiding same in rotation.",CC,Texturization methods,False,True,False,False
1685,JP-2025538574-A,"FGF-2 polypeptides with improved stability, methods for preparing FGF-2 polypeptides and uses thereof - Patent Application 20070122997","The present invention relates to fibroblast growth factor 2 (FGF-2) polypeptides that have improved stability while maintaining biological activity compared to wild-type FGF-2. The present invention provides processes for their preparation and use in biotechnology research and industrial applications, the pharmaceutical industry, cosmetics, the purified meat industry, the generation of organoids and 3D cell culture models, and other related applications.",CM,Cell culture media,False,True,False,True
2283,EP-4508988-A1,"FERMENTED DIETARY PRODUCT, PROCESS FOR ITS PREPARATION AND USE","The invention relates to a fermented dietary product, process of its preparation based on plant raw materials and including selected strains of probiotic microorganisms specific for their characteristics, which has a marked health effect and is suitable as a food for people on a vegetarian or vegan diet as well as in accordance with religious concepts of nutrition. The fermented dietary product includes the plant raw materials pea protein, coconut flour, coconut milk, pectin and carrageenan and also strains Lactobacillus delbrueckii subsp. bulgaricus and Streptococcus thermophillus, isolated from sources of the territory of Bulgaria, more precisely:
Strain Lactobacillus delbrueckii subsp. bulgaricus DXB, registered in CCM under N&#186; 9196,
Strain Lactobacillus delbrueckii subsp. bulgaricus DXA, registered in CCM under N&#186; 9197,
Strain Lactobacillus delbrueckii subsp. bulgaricus DSW, registered in CCM under N&#186; 9198,
Strain Lactobacillus delbrueckii subsp. bulgaricus DLP, registered in CCM under N&#186; 9199,
Strain Lactobacillus delbrueckii subsp. bulgaricus DDM1, registered in CCM under N&#186; 9200 and
Strain Streptococcus thermophilus DWT4, registered in CCM under N&#186; 7992.",PB,End product formulation,False,True,False,False
1532,EP-4516112-A1,METHOD FOR PROCESSING SUGAR BEET BY-PRODUCT,The invention describes a method for processing a sugar beet by-product. This method makes it possible to reduce or eliminate the taste intensity and/or bitterness intensity and/or the smell intensity of a sugar beet by-product fermented by a fungus from the genus Morchella. Also described is a processed sugar beet by-product obtainable by the method according to the invention and compositions comprising it. This processed sugar beet by-product or composition is used as food or feed.,PB,Ingredient optimisation,False,True,True,True
1992,EP-4651721-A1,EDIBLE PRIMER FOR ABSORBENT FOOD PRODUCTS,"A method for decorating a foodstuff, comprising: a. providing a foodstuff base layer; b. applying an edible liquid primer to the surface of the foodstuff, wherein the primer comprises pectin; insoluble, edible particles; and water; c. drying the primer layer; d. printing one or more edible inkjet inks over the top of the primer layer; e. drying the one or more inkjet ink layers; to produce a finished, decorated foodstuff.",PB,Ingredient optimisation,False,True,False,False
1127,EP-4637369-A1,FOOD POWDER WITH IMPROVED STABILITY AND METHOD FOR MAKING THE SAME,"The invention relates to a method for making a food powder with improved stability, in particular decreased hygro-capacity and decreased hygro-stability. The method comprises the provision of a liquid food composition, the drying of the liquid food composition and the addition of crystalline mono- and/or di-saccharides to the food powder. In particular, at most 30% of the mono- and/or di-saccharides of the food powder are amorphous and the remainder of mono- and/or di-saccharides of the food powder are crystalline.",PB,Ingredient optimisation,False,True,False,False
1757,EP-4585053-A1,PROCESS FOR PREPARING A FLAVOUR COMPOSITION,"A method for preparing a flavour composition, comprising the steps of
a) providing a mixture of
i) cysteine, and
ii) acetoin; and

b) reacting said mixture to a flavor composition;
wherein the flavour composition comprises at least one or more compounds selected from the group consisting of 2,4,5-trimethyl-3-oxazoline, 4,5-dimethyloxazole, 2,4,5-trimethyloxazole, 2-methylthiazole, 4,5-dihydro-2-methylthiazole, trans- or cis-2,4,5-trimethyl-2,5-dihydrothiazole, 2-methyl-3-thiazoline, 2-acetyl-2-methyl-thiazolidine, 2-isopropylthiazolidine, 2,4,5-trimethylthiazole, and tetramethylpyrazine. The flavor composition is a meat flavor composition, in particular a ham and pork flavor composition.",PB,Ingredient optimisation,False,True,False,True
2017,GB-2640915-A,Edible beads,"An edible bead comprising an outer polysaccharide gel membrane and a filling. The filling comprises at least 5wt.% fruit derived ingredient(s), soluble dietary fibre(s) and less than 15 wt.% sugars. Preferably the fibre is inulin, galacto-oligosaccharide, polydextrose and/or fructo-oligosaccharide (FOS) and it is at least 5wt.% of the filling. Preferably, the filling is liquid. Preferably, the polysaccharide is an alginate. A process for preparing an edible bead comprises a) preparing a metal salt solution, comprising at least one fruit derived ingredient and at least one soluble dietary fibre, b) preparing a polysaccharide solution, and c) contacting the solutions to form a polysaccharide gel membrane and encapsulating the first solution in the polysaccharide gel membrane. Preferably, the metal salt is a calcium salt, and the fruit derived ingredient is a squash or fruit juice. Also claimed is a product comprising edible bead(s) dispersed in a beverage.",PB,Ingredient optimisation,False,True,False,True
1347,EP-4518685-A1,"METHOD OF PREVENTING AND/OR INHIBITING THE OUTGROWTH, SPORULATION, GERMINATION OR TOXIN FORMATION OF CLOSTRIDIUM","The present invention is related to a method of preventing and/or inhibiting the outgrowth of Clostridium, of preventing and/or inhibiting the sporulation of Clostridium, of preventing and/or inhibiting the germination of spores of Clostridium and/or of preventing and/or inhibiting the production of toxins of Clostridium in a product, comprising adding to the product, comprising adding to the product a Lamiaceae extract, ascorbic acid and/or acetic acid.",PB,End product formulation,False,True,True,True
183,US-20200288737-A1,New Lactobacillus Plantarum Strain Imparting High Thickness and/or High Ropiness and/or High Mouth Thickness to a Dairy Product Produced Therewith and Uses Thereof,"The application is directed to a Lactobacillus plantarum strain, having the ability to generate a fermented milk presenting a high thickness and/or a high ropiness and/or a high thickness in mouth. The application also concerns a Lactobacillus plantarum strain, having the ability to generate a fermented milk presenting a high thickness and/or a high ropiness and/or a high thickness in mouth, further being a low post acidification strain at the temperature of fermentation. The application is also about a method to manufacture fermented product, in particular a fermented dairy product, using a L. plantarum strain of the invention or a bacterial composition, composition or kit-of part comprising a L. plantarum strain of the invention.",PB,Strain development,False,True,False,False
1540,JP-2026514896-A,Method for preparing a stable emulsion by magnetic turbulence,"The present invention relates to a method for preparing a stable emulsion from a mixture comprising at least one hydrophilic fraction and at least one hydrophobic fraction, wherein at least one of the two fractions is liquid and the other is liquid or solid, by exclusively generating turbulence applied to the mixture, wherein the turbulence is generated and maintained by at least one magnetic force created by at least two identical magnetic poles.",PB,End product formulation,False,True,True,True
2369,WO-2025219967-A1,"FOAMING LIQUID CREAMERS FOR AEROSOL PACKAGING, AND METHODS OF MAKING AND USING SUCH FOAMING LIQUID CREAMERS AND AEROSOL PACKAGINGS","A foaming liquid creamer contains water, a lipid, a buffer salt, a stabilizer, and a dairy protein. Optionally the foaming liquid creamer further contains a sugar and/or a flavor. The buffer salt may include at least one of sodium bicarbonate or dipotassium phosphate. The stabilizer may include at least one of carrageenan, carboxymethyl cellulose (CMC), microcrystalline cellulose (MCC), or guar gum. The dairy protein may include at least one of micellar casein or sodium caseinate. The emulsifier may include mono- and di-glycerides. The lipid may include an oil. The foaming liquid creamer may additionally include an emulsifier such as mono- and di- glycerides. Another aspect is an aerosol packaging which includes the foaming liquid creamer in a pressurized container, and the aerosol packaging has an actuator nozzle.",PB,End product formulation,False,True,False,True
2,US-20170298457-A1,LACTIC BACTERIUM WITH MODIFIED GALACTOKINASE EXPRESSION FOR TEXTURIZING FOOD PRODUCTS BY OVEREXPRESSION OF EXOPOLYSACCHARIDE,"The present invention relates to a bacterial cell with texturizing property, starter cultures comprising the cell, and diary products fermented with the starter culture.",PB,Strain development,False,True,False,False
441,US-20230189832-A1,FIBER SUPPLEMENTED ACIDIFIED DAIRY PRODUCTS AND METHODS FOR PROVIDING THE SAME,"Provided is a method for providing a spoonable acidified dairy product, comprising the steps of: a) providing an alpha-glucan composition comprising essentially linear isomalto/malto-polysaccharides (IMMPs) wherein the content of &#945;(1&#8594;6) glycosidic linkages is at least 70%; b) supplementing a milk product with said alpha-glucan composition; and c) acidifying the supplemented milk product to a pH below 5, preferably to a pH of about 4.6. Also provided are products obtainable by such a method. Also provided is the use of IMMPs with a content of &#945;(1&#8594;6) glycosidic linkages of at least 70% to improve the stability and/or sensory properties of acidified dairy products.",PB,End product formulation,False,True,False,False
2276,WO-2025132803-A1,3-HYDROXYBENZOIC ACID AND ITS USE AS A FLAVOR MODIFIER,"The present disclosure generally relates to 3-hydroxybenzoic acid (3HBA) and the use of this compounds to modify the flavor or taste of an ingestible composition. In some embodiments, the use of 3HBA includes its use to enhance a sweet taste, its use to reduce an off taste, such as an off taste of a high-intensity sweetener, its use to reduce a bitter taste, or any combination thereof. In certain embodiments, 3HBA used in combination with other natural taste modifiers, such as flavonoids or dihydrochalcones, or with other non-naturally-occurring sweetness enhancers. In certain aspects, the disclosure provides ingestible compositions that include such flavanone compounds or non-naturally-occurring compounds. In some related aspects, the ingestible compositions are, or are included within, various flavored products, such as food products, beverage products, pharmaceutical products, oral care products, or animal feed products.",PB,Ingredient optimisation,False,True,False,False
2204,FR-3162341-A1,NEW GABA-RICH MASK PRODUCT,"The present invention relates to a natural extract, preferably extracted from yeast, rich in gamma-aminobutyric acid (GABA), a product comprising such an extract and their use for masking flavors, especially bitter and sour, undesirable notes, especially sweeteners, proteins and metallic notes, or trigeminal sensations such as astringency, in a product, advantageously a food, pharmaceutical, nutraceutical, or flavoring preparation.",F,Ingredient optimisation,False,True,False,True
438,EP-3975743-A1,TEXTURISED FOOD PRODUCT COMPRISING DESTARCHED OATS AND METHOD FOR PRODUCING IT,"According to an example aspect of the present invention there is provided a method for producing food products, which comprise destarched oats, together with at least one other plant protein product, at least one starch component, or both. The method of the invention comprises cooking a mixture comprising destarched oats using hydrothermal cooking or extrusion cooking. The invention also relates to the use of destarched oats in the manufacture of food products and to food products comprising destarched oats.",PB,End product formulation,False,True,False,False
1054,US-20240180356-A1,MILK FOAMING DEVICE WITH THE APPLICATION OF PRESSURIZED GAS AND METHOD FOR THE PRODUCTION OF MILK FOAM,"The invention relates to a milk frothing device 1, a beverage preparation device 100 comprising the milk foaming device 1, and a method for producing milk foam. Particularly in the coffee beverage industry, there is a need for producing a variety of different milk modifications, such as fine-pored or coarse-pored milk foam, based on different milk starting products. This often requires a variety of different equipment.
    The invention makes it possible to produce a wide range of different milk modifications by applying compressed air to milk on an outlet side A of a pumping device 2. ",PB,End product formulation,False,True,False,False
2203,WO-2025242924-A1,NOVEL GABA-RICH MASKING PRODUCT,"The present invention relates to a natural extract, preferably a yeast extract, which is rich in gamma-aminobutyric acid (GABA), to a product comprising such an extract and to the use thereof for masking flavours, in particular bitter and acid flavours, undesirable notes, in particular of sweeteners or proteins, and metallic notes, or trigeminal sensations such as astringency, in a product, advantageously a food, pharmaceutical or nutraceutical product, or an aromatic preparation.",F,Ingredient optimisation,False,True,False,True
1735,WO-2025133173-A1,CHEESE SUBSTITUTE COMPRISING HYDROCOLLOIDS HAVING IMPROVED FIRMNESS,"Cheese substitute comprising 10 - 50 wt. % vegetable oil and/or fat, 2 - 25 wt.% plant-based protein, 0.1 &#8211; 1 wt. % xanthan gum, 0.1 &#8211; 1 wt. % locust bean gum, and not more than 5 wt.% starches and/or modified starches, wherein the wt.% are calculated on the total weight of the cheese substitute and a method for the preparation hereof.",PB,End product formulation,False,True,False,False
2256,WO-2024261383-A1,"FIBRE RICH COMPOSITION, METHOD FOR PRODUCING FIBRE RICH COMPOSITION AND FOODSTUFF","The present invention relates to a fibre rich composition derived from oat, the composition comprising dietary fibres in an amount of at least 35 % and carbohydrates in an amount of up to 6 % by dry weight of the composition. The present invention further relates to a foodstuff, comprising a fibre rich composition derived from oat, and the fibre rich composition comprises dietary fibres in an amount of at least 35 % and carbohydrates in an amount up to 6 % by dry weight of the composition. The present invention further relates to a method for producing a fibre rich composition, the method comprising providing an oat slurry comprising dietary fibres and isolating a fibre rich composition from the oat slurry.",PB,Ingredient optimisation,False,True,False,False
437,US-20260068906-A1,Texturised food product comprising destarched oats and method for producing it,"According to an example aspect of the present invention there is provided a method for producing food products, which comprise destarched oats, together with at least one other plant protein product, at least one starch component, or both. The method of the invention comprises cooking a mixture comprising destarched oats using hydrothermal cooking or extrusion cooking. The invention also relates to the use of destarched oats in the manufacture of food products and to food products comprising destarched oats.",PB,End product formulation,False,True,False,False
1218,US-20250099925-A1,CAPSULES WITH SOLIDIFIED MATRIX,Disclosed herein is a method for generating capsules with a solid matrix (7) as well as a capsule assembly comprising a plurality of capsules obtained by such a method. The method relies on temperature dependent step-emulsification of a droplet phase including a liquid hydrophobic matrix and a continuous aqueous phase.,PB,Ingredient optimisation,False,True,True,False
1411,EP-4742918-A1,RAPESEED PROTEIN HYDROLYSATE,"The present invention relates to a rapeseed protein hydrolysate comprising protein fragments, wherein at least 50% (w/w) of the protein fragments has a molecular weight of less than 3.5 kDa.",PB,Ingredient optimisation,False,True,False,False
2260,WO-2025127935-A1,RETENTION TIME AND MILD COAGULATION FOR OBTAINING A COAGULATED TUBER PROTEIN PRODUCT,"The invention is directed to a method for obtaining a coagulated tuber protein product from a tuber fruit juice. The method comprises subjecting the tuber fruit juice to a first coagulation step to form a coagulated low-grade fraction, separating at least part of the coagulated low-grade fraction from the tuber fruit juice to obtain a lean tuber fruit juice, subjecting the lean tuber fruit juice to a second coagulation step and collecting at least part of the coagulated tuber protein product. The invention is further directed to a coagulated tuber protein product and to a food product comprising the coagulated tuber protein product.",PB,Ingredient optimisation,False,True,False,False
2172,WO-2025262593-A1,SYSTEM AND METHOD FOR THE PRODUCTION OF FRESH ALMOND MILK,"The invention concerns a device 20 for the production of fresh almond milk. The device comprises actuation means 24 and an extraction group 22 with a first constraint element 26 and a second constraint element 28. In the standby configuration, the two constraint elements are placed at a distance d the one from the other. The actuation means are configured for imposing between the two constraint elements at least a first relative translation movement and a second relative rotation movement. The invention then concerns an extraction bag 34 comprising a textile envelope 42 defining two constraint portions 48 arranged at a distance d the one form the other, and a central pocket 46 containing a preparation 44 based on unpeeled and ground almond seeds. The invention further concerns a kit 52, comprising the device and the extraction bag, as well as a method for the production of fresh almond milk by means of the kit.",PB,End product formulation,False,True,False,False
2200,WO-2025201667-A1,METHOD AND SYSTEM FOR RECYCLING AND LIBERATING MATERIAL,"A versatile waste processing system that converts various waste materials into valuable products, such as syngas, oils, char, proteins, and glass fibres. The system includes advanced components for material separation, thermal treatment, and by-product recovery. It features reactors, gas cleaning units, separation systems, and handling lines for solids, along with cracking units for refining heavier hydrocarbons and reforming technologies to enhance hydrogen production. Additionally, it supports processes like protein extraction and glass fibre recovery, offering flexible configurations to handle a wide range of waste types while maximizing energy and material recovery in various industrial applications.",PB,Ingredient optimisation,False,True,True,True
2195,CN-122028804-A,Flavanone compounds and their use as flavor modifiers,"The present disclosure relates generally to certain flavanone compounds and the use of such compounds for modifying the flavor or taste of ingestible compositions. These flavanone compounds include 8-methyl naringenin (5, 7,4' -trihydroxy-8-methyl flavanone), 5,3' -dihydroxy-7, 4' -dimethoxy flavanone, 5-hydroxy-7, 3',4' -trimethoxyflavanone, 5,4' -dihydroxy-7, 3' -dimethoxy flavanone, or any combination thereof. In some embodiments, the use of these flavanone compounds includes use to enhance sweetness, use to reduce off-flavors of high intensity sweeteners, use to enhance salty taste, use to enhance umami or heavy taste, or any combination thereof. In certain embodiments, these compounds are used in combination with other natural taste modifiers (e.g., flavonoids or dihydrochalcones). In certain forms, the present disclosure provides ingestible compositions comprising such flavanone compounds. In some related aspects, the ingestible composition is or is included in a variety of flavored products, such as food products, beverage products, pharmaceutical products, oral care products, or animal feed products.",PB,Ingredient optimisation,False,True,False,False
1361,GB-2636683-A,Biopolymer particle applications,"The present disclosure provides methods for preparing biopolymer particles. Preferably the biopolymer is a polysaccharide, most preferably cellulose. One aspect provides a method comprising extruding a dispersed phase into an anti-solvent to form particles of the biopolymer, wherein the dispersed phase comprises the biopolymer in a solvent. Another aspect provides a method comprising: a membrane emulsification of a dispersed phase into a continuous phase wherein the dispersed phase comprises the biopolymer in a solvent, and wherein passing the dispersed phase through the membrane forms an emulsion of the biopolymer in the continuous phase; and a phase inversion with an anti-solvent to form particles of the biopolymer. In preferred embodiments, both the solvent and anti-solvent comprise water.",CM,Scaffolding,False,True,False,False
1076,EP-4622485-A1,FOODSTUFF EXTRUSION APPARATUS,"There is provided a food extrusion apparatus (1) for producing a continuous extruded layer of foodstuff, the apparatus (1) comprising a die (2), the die (2) comprising a main body (3), a core (4) comprising a first portion located within the main body (3), the core (4) comprising an elongate axis and a second coaxial portion extending outside of the main body (3) and further comprising a distal end to which a support (5) is attached, a flow path (7), wherein the flow path (7) comprises an annular radial space extending between the core (4) and the main body (3) and terminating at a distal end of the first portion of the core (4), said support (5)being moveable with respect to the main body (3), and a positioning means (6), wherein the positioning means (6) is configured to move the support (5) with respect to the main body (3) in a direction substantially perpendicular to the elongate axis of the core (4).",PB,End product formulation,False,True,False,False
2314,WO-2025176620-A1,"METHOD FOR PRODUCING A MODIFIED DEPECTINISED POMACE, USE THEREOF FOR PRODUCING AN OIL-IN-WATER EMULSION AND A FERMENTED PRODUCT","The invention relates to a method for producing a modified depectinised pomace, to a modified pomace produced by said method, and to the use thereof for producing an oil-in-water emulsion and a fermented product. The invention also relates to a method for producing an oil-in-water emulsion and a fermented product. The invention further relates to an oil-in-water emulsion and a fermented product containing the fermented pomace.",PB,End product formulation,False,True,False,False
1055,EP-4615251-A1,REDUCTION OF VICINE AND/OR CONVICINE IN FABA INGREDIENTS AND FOOD PRODUCTS,"The invention relates to a method of reducing vicine and/or convicine content in a faba ingredient. A liquid faba ingredient is provided and then at least one vicine and/or convicine-degrading enzyme is added to the liquid faba ingredient having a pH of 6.0 or higher. The faba ingredient is then incubated with the at least one vicine and/or convicine-degrading enzyme. The invention also relates to faba ingredient, to food products prepared with faba ingredient and method for producing such food products.",PB,Ingredient optimisation,False,True,False,False
1116,US-20250143506-A1,Steam distributor for a coffee machine,"A steam distributor for a coffee machine and a coffee machine are described. The steam distributor includes a rod-like distributor body and an outlet area for discharging steam and/or air from an interior of the distributor body into a surrounding of the distributor body. The outlet area is arranged on an outer surface of the distributor body and is configured to discharge the steam and/or the air in such a way that the steam and/or the air forms a flow which has a tangential flow direction with respect to the distributor body and flows tangentially out of the distributor body. This structure of the distributor body allows milk or a milk substitute liquid to be foamed advantageously, because a circular flow is produced in the milk or the milk substitute liquid.",PB,End product formulation,False,True,False,False
1167,US-20250040583-A1,ENCAPSULATED METAL COMPOUNDS AND COMESTIBLE USES THEREOF,"The present disclosure relates generally to the use of metal compounds, such as metal salts or metal complexes, and their use in food products and pet food products. In some embodiments, the metal compounds are encapsulated in an encapsulant designed to release the metal compounds upon heating, such as cooking. In certain aspects, the disclosure provides meat analogue products that include such encapsulated metal compounds.",PB,Ingredient optimisation,False,True,True,True
1488,WO-2025045826-A1,COMPOUNDS FOR ACTIVATION OF FGFR1 SIGNALING,"The present invention relates to compound of formula (I) and their use for cultivating cells in vitro, wherein the compound has the general formula (I). Furthermore, the invention to the compound of formula (I) for use in medical treatment, wherein the medical treatment is a method of wound healing, a method of organ regeneration in transplantation medicine, a method of treating a burned lesion, a disease associated with disturbed cell renewal, or a disease associated with muscle wasting, wherein the treatment or prevention may optionally comprise tissue engineering. The compounds of formula (I) may be used as cell culture medium supplement. Thus, the invention also relates to a cell culture medium comprising at least one compound of formula (I) a method for the cultivation of cells and a food product comprising cultivated cells.",CM,Cell culture media,False,True,True,True
2160,EP-4669132-A1,INGREDIENT COMPOSITION,"Disclosed herein is an ingredient composition in dry form encapsulated with a fat coating comprising from 20% to 85% by weight of saturated fatty acid residues; from 10% to 50% by weight of stearic acid residues (C18:0); and from 2% to 35% by weight of lauric acid residues (C12:0); wherein said percentages of fatty acid residues refers to fatty acids bound as acyl 5 groups in glycerides in the fat coating and being based on the total weight of C4 to C24 fatty acid residues bound as acyl groups present in the fat composition; wherein the fat coating has a specific solid fat content (SFC); and wherein the weight ratio of the fat coating with respect to the ingredient composition is of from 5,0:1,0 to 15,0:1,0.",PB,Ingredient optimisation,False,True,False,False
474,US-20220151255-A1,PREVENTION OF AGGREGATION IN NUT MILK,"Aggregation in a nut milk is prevented by increasing dispersibility of the nut milk by treating the nut milk with a protein deamidase. When the protein deamidase-treated nut milk is added to a liquid beverage or a liquid food, aggregation in the protein deamidase-treated nut milk is prevented due to the increased dispersibility of the protein deamidase-treated nut milk.",PB,End product formulation,False,True,False,False
1991,WO-2025228693-A1,NOZZLE FOR A FILL PIPE USED IN PACKAGING MACHINES IN WHICH CONTAINERS ARE FILLED WITH LIQUID FOOD PRODUCT AND A FILL SYSTEM COMPRISING SUCH NOZZLE,"The present invention relates to a nozzle for a fill pipe used in fill system of a packaging machines in which containers are filled with liquid food product. The nozzle comprising: a flexible mouthpiece comprising a flexible collar for connecting the flexible mouthpiece to an outlet end of the fill pipe and a plurality of flaps made from a flexible material and extending from the flexible collar, the plurality of flaps being biased to a closed state, the flexible mouthpiece sealing the outlet end of the fill pipe when in the closed state, the plurality of flaps being disposed to be moved from the closed state to an open state by liquid food product flowing through the flexible mouthpiece; and a mesh filter configured to filter liquid food product flowing through the flexible mouthpiece. The mesh filter comprising a bulge protruding into an interior space of the flexible mouthpiece, wherein the bulge comprises a plurality of through holes constituting the mesh filter. Also a fill system comprising the nozzle is presented.",PB,End product formulation,False,True,True,True
2100,SE-547148-C2,Method of Preparing a Food Component from Pulses,"A method of preparing a food component from pulses is disclosed, comprising the general steps of providing a substrate from whole pulses with less than 35% protein content based on pulse dry matter and providing an aqueous slurry; enzymatically treating the slurry by adding at least one amylase, at least one protease and at least one tannase; and optionally removing insoluble fractions and finally collecting the food component. Also disclosed are nondairy ready-to-use product comprising such food components and milk replacement products.",PB,Ingredient optimisation,False,True,False,False
2311,WO-2025176617-A1,"METHOD FOR PRODUCING A PECTIN-CONTAINING EMULSIFIER, AND USE THEREOF FOR PRODUCING AN OIL-IN-WATER EMULSION AND A FERMENTED PRODUCT","The invention relates to a method for producing a pectin-containing emulsifier, to the use thereof for producing an oil-in-water emulsion and a fermented product, to a method for producing an oil-in-water emulsion and a fermented product, and to an oil-in-water emulsion and a fermented product containing the pectin-containing emulsifier.",PB,Ingredient optimisation,False,True,False,False
1989,WO-2025228746-A1,INSTANT SINTERED THREE-DIMENSIONAL SHAPES,"The present invention relates to instant beverage or food shapes. In particular, the present invention relates to sintered three-dimensional shapes comprising flavoured ingredient and amorphous carbohydrates for making a cold or hot beverage. It also relates to a method for producing the shapes thereof.",PB,End product formulation,False,True,True,False
1514,EP-4754234-A1,A NOVEL STRAIN OF METSCHNIKOWIA PULCHERRIMA AND USES OF THE NOVEL STRAIN,"The present invention provides novel strain of M. pulcherima, having accession number NCYC 4455. The strain can be cultured to produce a compound such as a lipid or an alcohol. The strain can also be used to produce a yeast biomass and for other uses.",F,Strain development,False,True,True,False
1436,CN-121925479-A,Inhibitors of cell envelope proteases from lactic acid bacteria,"The present disclosure is a screening procedure that allows identification of inhibitors of Cellular Envelope Proteases (CEPs) in pathogenic bacteria by using Lactic Acid Bacteria (LAB). The screening platform can be used to screen libraries of compounds to generate a high throughput evaluation of drug candidates, and as exemplified below, a single screening result of 6808 compounds identified 20 compounds that inhibited CEP of lactococcus lactis (Lactococcus lactis).
    ",PB,Strain development,False,True,False,False
75,EP-4529958-A3,CONTROLLABLE TRANSCRIPTION,"The present invention relates to a stable method for introducing at least one inducible cassette into a cell, and permitting controllable transcription from within that inducible cassette. The method may be used for any cell type, from any eukaryotic organism, but has a particular application in the introduction of inducible cassettes into pluripotent stem cells, such as animal or human pluripotent stem cells (hPSCs). The inducible cassette is controllably inserted in such a way to ensure that the genetic material it contains is not silenced or subject to negative influences from the insertion site, and transcription of the genetic material is controlled.
",CM,Cell line development ,False,True,False,False
659,JP-2024540098-A,Valuing vegetable sidestreams,"The present invention relates to a method for valorizing vegetable sidestreams, the method comprising: (a) mixing vegetables with a composition comprising Lactobacillus reuteri; and (b) fermenting the mixture, thereby obtaining a vegetable paste. Fermentation takes only 24-44 hours and does not require the addition of water, heat or nutrients.",PB,Ingredient optimisation,False,True,False,False
1977,WO-2025228962-A1,VEGETARIAN RASHER COMPRISING MUSCLE TISSUE AND FAT TISSUE MIMETIC PHASES WITH HIGH CONTRAST,"The invention relates to a vegetarian rasher comprising at least two differently coloured water-continuous phases that are distinguishable to the human naked eye, including 15-65 wt.% by weight of the vegetarian rasher of a pale phase and 35-85 wt.% by weight of the vegetarian rasher of a reddish phase, said reddish phase containing: &#8226; (a) lycopene in a concentration of 10-150 mg per kg of reddish phase; and &#8226; (b) cyanidin-glycoside derived from black carrot extract in a concentration of 100-1500 mg per kg of reddish phase.",PB,End product formulation,False,True,False,False
2337,WO-2025209935-A1,FLAVOUR MODIFYING INGREDIENT,"The present disclosure relates to a method for making a flavour modifying ingredient for a carbonated soft drink, wherein the method comprises (i) subjecting tomato pomace to enzymatic hydrolysis and/or fermentation to form a treated tomato pomace; and (ii) extracting at least a portion of the treated tomato pomace with a solvent. The present disclosure also relates to flavour compositions and beverages comprising the flavour modifying ingredients in amounts effective to improve the sweetness, mouthfeel and/or taste of beverages.",PB,Ingredient optimisation,False,True,False,True
466,US-20220049376-A1,DEVICE AND METHOD FOR PRODUCING POLYMER FIBERS AND ITS USES THEREOF,A device including one or more nozzles having a tubular fiber spinning needle and method for producing non-toxic polymer fibers and microfibrous and nanofibrous polymer materials made thereof on a small to large scale using a wide range of synthetic polymers and bio-based polymers. The device and method enable continuous in-line production of polymer fibers at a high fiber production rate energy efficiently and safely. The increased polymer fiber production rate is achieved by the at least one nozzle that enables a centrifugal force acting upon the tubular fiber spinning needle causing rotational motion of the tubular fiber spinning needle and higher polymer injection rates per nozzle.,CM,Scaffolding,False,True,False,False
1058,US-20250127199-A1,COMPOSITION COMPRISING A NUTRIENT AND A TASTE MODULATOR,Described herein is a composition including a nutrient and a taste modulator. Also described herein are processes for preparing the composition and consumer products containing the composition.,PB,Ingredient optimisation,False,True,False,False
2448,US-20250270503-A1,"Product, system and method of cell cultivation","The present invention provides products, systems, and methods of cultivation of non-human metazoan cells.",CM,Bioprocess design,False,True,False,False
3,EP-2473058-A1,LACTIC BACTERIUM WITH MODIFIED GALACTOKINASE EXPRESSION FOR TEXTURIZING FOOD PRODUCTS BY OVEREXPRESSION OF EXOPOLYSACCHARIDE,"The present invention relates to a bacterial cell with texturizing property, starter cultures comprising the cell, and dairy products fermented with the starter culture.",PB,Strain development,False,True,False,False
1285,EP-4626253-A1,"PROCESS FOR PRESERVING AND TRANSFORMING ALGAE BY LACTO-FERMENTATION, USE OF THE LACTO-FERMENTED JUICE AND ALGAE OBTAINED ACCORDING TO THE PROCESS","The invention essentially consists of a process for the lacto-fermentation of fresh algae which can be natural or with inoculation with pH control and advantageously under anaerobic conditions and which makes it possible to produce concomitantly ready-to-eat algae in vegetable form and a fermentation juice which can be drunk directly by animals or mixed with animal feed. After the pH is stabilized, the algae and fermented juice that have been obtained are separated.",PB,Ingredient optimisation,False,True,False,False
1212,US-20250101233-A1,STABLE NATURAL COLOURANT,"The present invention relates to stable black and brown compositions and colourants comprising an extract obtained or obtainable from genipap juice. The present invention further relates to the uses of these compositions and colourants, methods of making the compositions and colourants and food products comprising the compositions and colourants.",PB,Ingredient optimisation,False,True,False,False
2420,CN-120505275-A,Method for operating a bioreactor for growing meat and corresponding bioreactor,"A method of operating a bioreactor for growing meat and a corresponding bioreactor. The present invention relates to a method for manufacturing an elongated structure, typically a fiber, preferably a microfiber structure. A method for producing an elongated, for example microfibre structure for growing meat, wherein (a) paste is extruded into a space (58) downstream of a second nozzle plate (22) by means of an extrusion plate (24) having aligned nozzle openings (42, 44) and an adjacent attachment plate (22), (b) the paste located in the space (58) or the attachment plate (22) is hardened, and (c) the paste is extruded continuously by means of the extrusion plate (24) while increasing the distance between the attachment plate (22) and the extrusion plate (22) in the case of the elongated, for example microfibre structure being formed between the plates (22, 24).
    ",CM,Bioprocess design,False,True,False,False
181,US-12108778-B2,Natural creamer with high tolerance to acidity and minerals in beverage,"Natural Creamers for providing whitening and indulgent texture/mouthfeel of beverage and food products are provided. The creamers have long-term stability, high whitening capacity and a pleasant mouthfeel when added to beverage and food, while being free from artificial additives the creamers comprising plant oil and plant proteins, and being further characterized in that the creamers comprise baking soda and citrus fruit juice concentrate, wherein the citrus fruit juice concentrate comprises acid component comprising citric acid and malic acid.",PB,End product formulation,False,True,True,True
1592,PL-440988-A1,Plant product of the sausage type with increased antioxidant potential and method of producing plant product,"The subject of the application is a plant product of the sausage type, containing legume protein, characterized by the fact that it contains a protein-spice mixture and a gelling mixture, where the protein-spice mixture contains pea protein in an amount from 22% to 27% by weight of the product and from 2% up to 3% by weight of the product of microcapsules with anthocyanins, the product containing a protein-spice mixture and a gelling mixture in a weight ratio from 1:25 to 1:2.75. The report also includes how to receive the product.",PB,End product formulation,False,True,False,False
670,US-20250043033-A1,POLYSACCHARIDES RESULTING IN IMPROVED WATER HOLDING CAPACITY OF DAIRY PRODUCTS,"The present invention provides EPS structures, as identified by their repeating unit, the corresponding eps gene clusters and strains producing such EPS which result in the desired combination of water-holding capacity, texture and acidification speed. The invention further provides methods of using the EPS and strains producing such EPS for producing food product.",PB,Ingredient optimisation,False,True,False,False
2377,US-20250381701-A1,METHOD FOR SLICING FOOD PRODUCTS AND SLICING MACHINE,"The disclosure relates to a method for slicing food products formed as product calibers using a slicing machine, comprising: arranging multiple product calibers on a feeding unit, wherein at least two of the product calibers have different lengths, feeding, by the feeding unit, the at least two product calibers along a feeding direction to a cutting unit, and slicing, by the cutting unit, the at least two product calibers into slices to form portions, wherein each portion comprises one or more slices. The method further comprises determining, based on length of at least two product calibers a first slice thickness for a first product caliber of the at least two product calibers and a second slice thickness for a second product caliber of the at least two product calibers, wherein the first product caliber before slicing has a greater length than the second product caliber, and wherein the first slice thickness is determined to be greater than the second slice thickness, so that after slicing an equal number of portions from the first product caliber and the second product caliber a length difference between the first product caliber and the second product caliber is less than before slicing. The disclosure further relates to a slicing machine.",CC,End product formulation,False,True,False,True
969,EP-4583714-A1,GRANULATE COMPRISIG PARTICLES OF FUNGAL BIOMASS,"The invention relates to a particulate proteinaceous composition comprising granules having a protein content of at least 30 wt.% and comprising at least 80 wt.% of particles of fungal biomass, wherein the particle size distribution of the granules meets the following condition: &#183; D50-gml &#8805; 50 &#181;m; Dx-gml representing the weight percentage of the granules having a diameter of less than x &#181;m; wherein the particle size distribution of the particles of fungal biomass comprised in the granules meets the following conditions: &#183; D10-prtcl &#8804; 30 &#181;m; &#183; 2 &#181;m &#8804; D50-gprtcl &#8804; 60 &#181;m; &#183; D90-prtcl &#8804; 150 &#181;m; Dx-prtcl representing the weight percentage of the particles of fungal biomass comprised in the granules that have a diameter of less than x &#181;m; and wherein the ratio D50-grnl : D50-prtcl &#8805; 2.0. The functionality of proteinaceous fungal biomass is enhanced by I) strongly reducing the particle size of the fungal biomass and (ii) agglomerating the fine particles of fungal biomass so obtained into granules.",F,Ingredient optimisation,False,True,False,False
2370,WO-2025219966-A1,"ACTUATOR NOZZLE FOR AEROSOL PACKAGING, AND METHODS OF MAKING AND USING SUCH ACTUATOR NOZZLES AND AEROSOL PACKAGINGS","An actuator nozzle has a lower portion comprising a base configured to connect to a container, and the base includes a lower orifice. The actuator nozzle also has an upper portion including a tapered section on one side of the upper portion, the tapered section tapers inward as the tapered section extends upward from the lower portion, the upper portion further having a substantially vertical section on an opposite side of the upper portion from the tapered section. The actuator nozzle also has an upper orifice in fluid communication with the lower orifice by an interior channel of the actuator nozzle, the upper orifice angled downward from a top of the tapered section of the upper portion to a top of the substantially vertical section of the upper portion.",PB,End product formulation,False,True,False,False
2422,AU-2024200935-A1,Method for operating a bioreactor for cultivated meat and corresponding bioreactor,"#$%^&amp;*AU2024200935A120250828.pdf#####
 
METHOD FOR OPERATING A BIOREACTOR FOR CULTIVATED MEAT AND 
CORRESPONDING BIOREACTOR 
 
ABSTRACT 
 
The invention relates to a method for the manufacturing of an elongated, e.g. microfibril 
structure for the fabrication of cultivated meat, wherein  
(a)  a paste is extruded through an extrusion plate (24) and an adjacent attachment plate 
(22) with aligned nozzle openings (42, 44) into a space (58) downstream of the second 
nozzle plate (22), 
(b) paste located in said space (58) or in the attachment plate (22) is hardened, 
(c) said paste is continued to be extruded through said extrusion plate (24) while the 
distance between the attachment plate (22) and the extrusion plate (22) is increased under 
formation of said elongated, e.g. microfibril structure between said plates (22,24). 
 
 
METHOD FOR OPERATING A BIOREACTOR FOR CULTIVATED MEAT AND
CORRESPONDING BIOREACTOR
ABSTRACT
The invention relates to a method for the manufacturing of an elongated, e.g. microfibril
structure for the fabrication of cultivated meat, wherein
(a) a paste is extruded through an extrusion plate (24) and an adjacent attachment plate
(22) with aligned nozzle openings (42, 44) into a space (58) downstream of the second
nozzle plate (22),
(b) paste located in said space (58) or in the attachment plate (22) is hardened,
(c) said paste is continued to be extruded through said extrusion plate (24) while the
distance between the attachment plate (22) and the extrusion plate (22) is increased under
formation of said elongated, e.g. microfibril structure between said plates (22,24).
Fig 1a
20
24
20
09
35
   
   
14
 F
eb
 2
02
4
M
E
T
H
O
D
 
F
O
R
 
O
P
E
R
A
T
I
N
G
 
A
 
B
I
O
R
E
A
C
T
O
R
 
F
O
R
 
C
U
L
T
I
V
A
T
E
D
 
M
E
A
T
 
A
N
D
C
O
R
R
E
S
P
O
N
D
I
N
G
 
B
I
O
R
E
A
C
T
O
R
2
0
2
4
2
0
0
9
3
5
 
1
4
 
F
e
b
 
2
0
2
4
A
B
S
T
R
A
C
T
T
h
e
 
i
n
v
e
n
t
i
o
n
 
r
e
l
a
t
e
s
 
t
o
 
a
 
m
e
t
h
o
d
 
f
o
r
 
t
h
e
 
m
a
n
u
f
a
c
t
u
r
i
n
g
 
o
f
 
a
n
 
e
l
o
n
g
a
t
e
d
,
 
e
.
g
.
 
m
i
c
r
o
f
i
b
r
i
l
s
t
r
u
c
t
u
r
e
 
f
o
r
 
t
h
e
 
f
a
b
r
i
c
a
t
i
o
n
 
o
f
 
c
u
l
t
i
v
a
t
e
d
 
m
e
a
t
,
 
w
h
e
r
e
i
n
(
a
)
 
a
 
p
a
s
t
e
 
i
s
 
e
x
t
r
u
d
e
d
 
t
h
r
o
u
g
h
 
a
n
 
e
x
t
r
u
s
i
o
n
 
p
l
a
t
e
 
(
2
4
)
 
a
n
d
 
a
n
 
a
d
j
a
c
e
n
t
 
a
t
t
a
c
h
m
e
n
t
 
p
l
a
t
e
(
2
2
)
 
w
i
t
h
 
a
l
i
g
n
e
d
 
n
o
z
z
l
e
 
o
p
e
n
i
n
g
s
 
(
4
2
,
 
4
4
)
 
i
n
t
o
 
a
 
s
p
a
c
e
 
(
5
8
)
 
d
o
w
n
s
t
r
e
a
m
 
o
f
 
t
h
e
 
s
e
c
o
n
d
n
o
z
z
l
e
 
p
l
a
t
e
 
(
2
2
)
,
(
b
)
 
p
a
s
t
e
 
l
o
c
a
t
e
d
 
i
n
 
s
a
i
d
 
s
p
a
c
e
 
(
5
8
)
 
o
r
 
i
n
 
t
h
e
 
a
t
t
a
c
h
m
e
n
t
 
p
l
a
t
e
 
(
2
2
)
 
i
s
 
h
a
r
d
e
n
e
d
,
(
c
)
 
s
a
i
d
 
p
a
s
t
e
 
i
s
 
c
o
n
t
i
n
u
e
d
 
t
o
 
b
e
 
e
x
t
r
u
d
e
d
 
t
h
r
o
u
g
h
 
s
a
i
d
 
e
x
t
r
u
s
i
o
n
 
p
l
a
t
e
 
(
2
4
)
 
w
h
i
l
e
 
t
h
e
d
i
s
t
a
n
c
e
 
b
e
t
w
e
e
n
 
t
h
e
 
a
t
t
a
c
h
m
e
n
t
 
p
l
a
t
e
 
(
2
2
)
 
a
n
d
 
t
h
e
 
e
x
t
r
u
s
i
o
n
 
p
l
a
t
e
 
(
2
2
)
 
i
s
 
i
n
c
r
e
a
s
e
d
 
u
n
d
e
r
f
o
r
m
a
t
i
o
n
 
o
f
 
s
a
i
d
 
e
l
o
n
g
a
t
e
d
,
 
e
.
g
.
 
m
i
c
r
o
f
i
b
r
i
l
 
s
t
r
u
c
t
u
r
e
 
b
e
t
w
e
e
n
 
s
a
i
d
 
p
l
a
t
e
s
 
(
2
2
,
2
4
)
.
F
i
g
 
1
a
1/14
a) b) 5 6 20 9
14 20 4 21 18 7
4 9 12
7
11
5
~ 6 0
13
12 1016
815
17
8 19
13
15
1
2
22 233
3
58 2-2
23
AP
40 22 58
23
32 42 55 32
22
41 31
24 92
43
44 30 57 33
36 24
27
0 27
S
29
0 35
35
29 0 38
28 7
7 28 26
26 34 37 25
FIG. 1
20
24
20
09
35
   
   
14
 F
eb
 2
02
4
1
/
1
4
a
)
b
)
5
6
2
0
9
1
4
2
0
 
4
 
2
1
1
8
7
2
0
2
4
2
0
0
9
3
5
 
1
4
 
F
e
b
 
2
0
2
4
4
9
1
2
7
1
1
5
6
1
3
1
2
1
0
1
6
1
5
8 1
7
8
1
9
1
3
1
5
1
2
K
2
1
3
2
3
3
5
8
2
2
3
4
0
2
2
5
8
2
3
3
2
4
2
5
5
3
2
2
2
4
1
3
1
2
4
9
2
4
3
4
4
3
0
5
7
3
3
3
6
2
4
2
7
1
8
O
2
7
5
2
9
3
5
o
f
3
5
2
9
3
8
2
8
2
8
2
6
2
6
3
4
3
7
2
5
F
I
G
.
 
1",CM,Bioprocess design,True,True,False,False
2035,WO-2025252839-A1,FOOD OR FEED PRODUCT,"The present invention relates to a method for preparing a food or feed product comprising mycoprotein. The method comprises the steps a) of providing an alginate premix, that is comprising alginate and an aqueous solution. The method further comprises a step b) of providing mycoprotein and optionally at least one further ingredient, and at least one of b1) and b2), with b1) the mycoprotein being in unfrozen form, and b2) at least 70% of the total alginate content of the mass of step c) is provided in the form of the alginate premix from step a). In a subsequent step c), the alginate premix from step a), the mycoprotein from step b) and optionally the at least one further ingredient from step 2), are mixed and a mass is obtained. In step d) the mass is shaped and cured, and the food or feed product is obtained.",F,End product formulation,False,True,False,False
1715,EP-4573916-A1,BATCH PRODUCTION OF GRAIN-BASED BEVERAGES,"A method of manufacturing a grain-based beverage for human consumption enables batch production and may implemented in a system of low complexity. The method comprises introducing water, grain material and one or more enzymes into a mixing chamber (10A) of a mixing apparatus (10); operating a mixing device (12) of the mixing apparatus during a first time period to generate a batch of slurry in the mixing chamber; operating, during a second time period after the first time period, a circulation arrangement (13) to transfer the slurry on an external circulation path from the mixing chamber through a homogenization device (16) and back to the mixing chamber; introducing one or more further ingredients into the mixing chamber of the mixing apparatus; and operating the mixing apparatus and/or the circulation arrangement to produce the grain-based beverage based on the slurry and the one or more further ingredients.
",PB,End product formulation,False,True,False,False
1714,WO-2025131891-A1,BATCH PRODUCTION OF GRAIN-BASED BEVERAGES,"A method of manufacturing a grain-based beverage for human consumption enables batch production and may implemented in a system of low complexity. The method comprises introducing water, grain material and one or more enzymes into a mixing chamber (10A) of a mixing apparatus (10); operating a mixing device (12) of the mixing apparatus during a first time period to generate a batch of slurry in the mixing chamber; operating, during a second time period after the first time period, a circulation arrangement (13) to transfer the slurry on an external circulation path from the mixing chamber through a homogenization device (16) and back to the mixing chamber; introducing one or more further ingredients into the mixing chamber of the mixing apparatus; and operating the mixing apparatus and/or the circulation arrangement to produce the grain-based beverage based on the slurry and the one or more further ingredients.",PB,End product formulation,False,True,False,False
1584,US-20260123657-A1,COMPOSITIONS AND METHODS FOR MASKING OFF-NOTES IN CONSUMABLES,"A masking composition for masking non-animal derived protein off-notes is provided. The making composition includes a) a mixture of a Lamiaceae extract together with vitamin C, the extract and the vitamin C having an admixed ratio of from 1:1 to 1:20; b) one or more peptides; c) an extract obtained or obtainable from a plant of the coffea genus; d) an umami-imparting modifier, and e) one or more masking agents selected from the group consisting of fatty acids, terpenes, carbonyls, sulfur compounds, sweet browns, esters, sweeteners, lactones, juice derivatives and combinations thereof.",PB,Ingredient optimisation,False,True,False,False
1832,WO-2025146484-A1,ACCESSORY FOR FILTERING A HOME-MADE BEVERAGE COMPRISING PARTICLES FOR A FROTHER,"The present disclosure relates to an assembly (1, 1', 1'', 1''') for frothing a beverage comprising particles, the assembly (1, 1', 1'', 1''') comprising: a reservoir (4) comprising a wall which defines a cavity (9) for receiving the beverage comprising particles; a conveying duct (3) having a suction end (6), which is fluidically connected to the inside of the cavity, and a discharge end (7), which is intended to be connected to a frothing member (8) for frothing the beverage comprising particles; and a filtering wall (2, 2', 2'') which extends within the cavity (9), at a non-zero distance from the suction end (6), and is configured to filter the beverage comprising particles that circulates from the reservoir (4) to the frothing member (8), before it passes through the suction end (6).",PB,End product formulation,False,True,True,True
1833,FR-3158032-B1,Homemade plant-based beverage filtration accessory for frothing jug,"This disclosure relates to an assembly (1, 1', 1'', 1''') for foaming a plant-based beverage, the assembly (1, 1', 1'', 1''') comprising: a reservoir (4) including a wall delimiting a cavity (9) for receiving the plant-based beverage; a conveying conduit (3) having a suction end (6) fluidically connected to the interior of the cavity and a discharge end (7) intended to be connected to a foaming element (8) for the plant-based beverage; and a filter wall (2, 2', 2'') extending within the cavity (9), at a non-zero distance from the suction end (6), and configured to filter plant-based beverage flowing from the reservoir (4) to the foaming element (8), before it passes through the suction end (6). Figure for the abstract: Fig. 1",PB,End product formulation,False,True,False,True
564,US-12495812-B2,"Lipases, compositions, methods and uses thereof","The present invention relates to a wild-type, non-engineered, microbial lipolytic enzyme with a higher specificity for short-chain fatty acids than for medium to long fatty acids, specially long fatty acids. This invention further relates to a process for preparing a food product, and to the use of the wild-type, non-engineered, microbial lipolytic enzyme.",F,Ingredient optimisation,False,True,False,False
565,US-20230098388-A1,"LIPASES, COMPOSITIONS, METHODS AND USES THEREOF","The present invention relates to a wild-type, non-engineered, microbial lipolytic enzyme with a higher specificity for short-chain fatty acids than for medium to long fatty acids, specially long fatty acids. This invention further relates to a process for preparing a food product, and to the use of the wild-type, non-engineered, microbial lipolytic enzyme.",F,Ingredient optimisation,False,True,False,False
1686,EP-4626249-A1,FOOD PRODUCT,"Disclosed is a method for preparing a food product comprising mycoprotein and a hydrocolloid, such as an alginate. The method comprises preparing a pre-mix by mixing at least a mycoprotein, a plant protein source, an alginate, and water; shaping the pre-mix to form a pre-mix shape; curing a skin part of the pre-mix shape by contacting the pre-mix shape from the outside with a first aqueous solution comprising calcium for a first contact time to obtain a skin-cured pre-mix shape; forming individual shapes from the skin-cured pre-mix shape while substantially preserving the cured skin part; and further curing the individual shapes by contacting the individual shapes with a second aqueous solution comprising calcium for a second contact time. Also disclosed is a food product obtainable by the method.",CC,End product formulation,False,True,True,True
1585,EP-4604742-A1,COMPOSITIONS AND METHODS FOR MASKING OFF-NOTES IN CONSUMABLES,"A masking composition for masking non-animal derived protein off-notes is provided. The making composition includes a) a mixture of a Lamiaceae extract together with vitamin C, the extract and the vitamin C having an admixed ratio of from 1:1 to 1:20; b) one or more peptides; c) an extract obtained or obtainable from a plant of the coffea genus; d) an umami-imparting modifier; and e) one or more masking agents selected from the group consisting of fatty acids, terpenes, carbonyls, sulfur compounds, sweet browns, esters, sweeteners, lactones, juice derivatives and combinations thereof.",PB,Ingredient optimisation,False,True,False,False
2189,WO-2025068049-A1,METHOD OF REDUCING PHYTIC ACID FROM PLANT MATERIAL THROUGH FERMENTATION,"A method for reducing the amount of phytic acid content in a plant material, a plant-derived ingredient for consumables having low or zero phytic acid content, and consumables comprising the ingredient. The plant-derived ingredient may be used to prepare plant-based consumables including plant-based foods and beverages. Methods for preparing consumables comprising the plant-derived ingredient having low phytic acid content are also disclosed. Methods and uses of the ingredient for taste modification in plant-based consumables, improving the mouthfeel properties of plant-based consumables containing the ingredient, and for conferring a health benefit to a subject with the plant-based consumables comprising the ingredient having low or zero phytic acid content.",PB,Ingredient optimisation,False,True,False,False
1913,NL-2037160-B1,Beverage for human consumption and method for producing such a beverage,"SUMMARY A beverage for human consumption comprises a mixture of animal milk and plant milk, fermented from plant material, in a ratio of between 2:3 and 3:2. The taste and mouthfeel of such a mixture are surprisingly similar to those of pure animal milk, and the overall composition is very beneficial in the human diet. However, the land area required for animal feed is significantly smaller, and the emissions from dairy animals for the same amount of beverage are also much lower.",PB,End product formulation,False,False,True,True
1642,WO-2025099224-A1,IMPROVED ENZYME VARIANTS,A polypeptide comprising: a) a chymosin activity with a C/P ratio of clotting activity (C) to proteolytic activity (P) equal to or higher than the C/P ratio of a polypeptide having an amino acid sequence of SEQ ID NO: 2; and b) an alpha-S1-I casein fragment formation activity equal to or higher than the alpha-S1- I casein fragment formation activity of a polypeptide having an amino acid sequence of SEQ ID NO: 2; and/or c) a clotting time at pH 6.1 of equal to or less than the clotting time of a polypeptide having an amino acid sequence of SEQ ID NO: 2.,PB,Ingredient optimisation,False,False,False,True
914,EP-4358739-A1,POWDERED COMPOSITION,"The present invention relates to a powdered composition comprising a carrier comprising a soluble flour, and at least one active ingredient. A method for preparing the composition and flavored products comprising the inventive composition are also objects of the present invention.",PB,Ingredient optimisation,False,False,False,True
2401,WO-2025155486-A1,GENETIC ELIMINATION OF AMMONIA FROM CULTURED MAMMALIAN CELLS,"This disclosure provides methods and compositions for the production of engineered eukaryotic cells wherein the production of both glutaminase isozymes (Gls and Gls2) and asparaginase (Aspg) is reduced such that ammonia production is almost entirely eliminated before stationary phase and substantially decreases it over the course of culture, even when grown in glutamine-containing medium.",CM,Cell line development ,False,False,False,True
2016,WO-2025233496-A1,EDIBLE BEADS,"The present invention relates to an edible bead comprising an outer polysaccharide gel membrane and a filling, wherein the filling comprises at least one fruit derived ingredient in an amount of at least 5wt.% by weight of the filling and at least one soluble dietary fibre and wherein the filling comprises less than 15 wt.% sugars by weight of the filling. The present invention also relates to a process for preparing the edible bead and a product comprising the edible bead.",PB,Ingredient optimisation,False,False,False,True
1761,WO-2025132301-A1,METHOD FOR PREPARING AN AERATED FROZEN PRODUCT,"The invention relates to a method for preparing an aerated frozen product from a mixture of ingredients suitable for preparing an aerated frozen product, wherein said mixture comprises casein in the sole form of non-animal origin.",F,End product formulation,False,False,False,True
1959,EP-4698598-A1,BETALAIN COMPOSITIONS,"The present invention is related to a dye composition comprising components A) and B), wherein A) is one or more dyes comprising a Betalain, specially a betanin and B) comprises one or more of citric acid, ascorbic acid, malic acid and ethylenediaminetetraacetic acid, and at least one salt, as well as the uses of said dye composition and final consumer products comprising said dye composition.",PB,Ingredient optimisation,False,False,False,True
1648,WO-2025099247-A1,METHYLOTROPH BACTERIA AS FOOD AND FEED INGREDIENTS,"The present invention provides the use of a protein composition comprising Methylotroph bacterial biomass or at least one fraction thereof for supplementing or substituting meat proteins in food or feed products. Also provided are food and feed ingredients, food and feed products and methods of making same.",F,Ingredient optimisation,False,False,False,True
2257,FI-20235704-A1,"FIBRE RICH COMPOSITION, METHOD FOR PRODUCING FIBRE RICH COMPOSITION AND FOODSTUFF","The present invention relates to a fiber-rich composition derived from oats, comprising at least 35% dietary fiber and up to 6% carbohydrates by dry weight of the composition. The present invention further relates to a food product comprising a fiber-rich composition derived from oats, and the fiber-rich composition comprises at least 35% dietary fiber and up to 6% carbohydrates by dry weight of the composition. The present invention further relates to a method for preparing a high-fiber composition, which method comprises providing an oat pulp containing dietary fiber and separating the high-fiber composition from the oat pulp.",PB,Ingredient optimisation,False,False,False,True
