,Threshold,out_LR,lost_LR,out_SVC,lost_SVC,out_MLP,lost_MLP,out_MLP_LR,lost_MLP_LR
0,0.0,0.0,0.0,0.0,0.0,0.0,0.0,0.0,0.0
1,0.005,15.56,0.08,11.92,0.08,44.13,0.79,42.99,0.64
2,0.01,21.64,0.1,20.93,0.1,49.2,1.06,47.68,0.85
3,0.015,25.44,0.12,27.35,0.15,51.82,1.23,50.03,1.0
4,0.02,28.54,0.17,32.32,0.21,54.31,1.35,52.19,1.12
5,0.025,30.88,0.19,36.28,0.27,56.16,1.52,53.73,1.23
6,0.03,32.81,0.21,39.5,0.44,57.32,1.6,54.75,1.31
7,0.035,34.54,0.23,42.1,0.56,58.67,1.66,55.87,1.35
8,0.04,36.28,0.27,44.53,0.62,59.83,1.72,56.84,1.41
9,0.045,37.9,0.35,46.33,0.69,60.83,1.87,57.67,1.54
10,0.05,39.38,0.39,48.1,0.73,61.68,1.97,58.26,1.6
11,0.055,40.23,0.48,49.93,0.81,62.43,2.08,58.86,1.66
12,0.06,41.31,0.52,51.38,1.0,63.2,2.14,59.46,1.7
13,0.065,42.37,0.56,52.54,1.1,64.05,2.28,60.23,1.81
14,0.07,43.14,0.6,53.89,1.12,64.74,2.31,60.85,1.83
15,0.075,44.03,0.62,54.97,1.18,65.13,2.37,61.16,1.87
16,0.08,44.76,0.71,55.93,1.2,65.75,2.51,61.6,1.93
17,0.085,45.61,0.73,56.99,1.31,66.27,2.58,61.97,1.97
18,0.09,46.23,0.77,57.86,1.35,66.65,2.64,62.26,2.01
19,0.095,46.96,0.83,58.57,1.5,67.0,2.66,62.55,2.04
20,0.1,47.5,0.85,59.44,1.52,67.33,2.7,62.7,2.06
21,0.105,48.02,0.87,60.12,1.58,67.77,2.82,62.95,2.1
22,0.11,48.62,0.89,60.73,1.58,68.12,2.85,63.14,2.12
23,0.115,49.41,0.96,61.37,1.66,68.47,2.87,63.34,2.14
24,0.12,49.99,1.0,62.01,1.68,68.68,2.89,63.41,2.14
25,0.125,50.53,1.0,62.62,1.77,68.87,2.89,63.55,2.14
26,0.13,51.21,1.04,63.22,1.83,69.14,2.91,63.72,2.14
27,0.135,51.51,1.04,63.9,1.87,69.33,2.97,63.88,2.18
28,0.14,52.07,1.04,64.42,2.01,69.62,3.05,64.05,2.18
29,0.145,52.4,1.06,64.71,2.08,69.95,3.12,64.24,2.18
30,0.15,52.81,1.08,65.36,2.12,70.09,3.12,64.32,2.18
31,0.155,53.4,1.14,65.77,2.14,70.45,3.2,64.55,2.2
32,0.16,53.79,1.2,66.27,2.16,70.7,3.24,64.71,2.2
33,0.165,54.18,1.2,66.67,2.24,70.94,3.24,64.86,2.2
34,0.17,54.31,1.2,67.0,2.24,71.09,3.28,64.9,2.2
35,0.17500000000000002,54.77,1.29,67.29,2.26,71.21,3.3,64.98,2.22
36,0.18,55.08,1.31,67.75,2.31,71.32,3.34,65.07,2.26
37,0.185,55.45,1.33,68.08,2.35,71.55,3.39,65.19,2.28
38,0.19,55.74,1.41,68.39,2.45,71.73,3.45,65.32,2.31
39,0.195,56.1,1.41,68.74,2.47,71.88,3.47,65.36,2.31
40,0.2,56.57,1.43,69.08,2.49,72.07,3.55,65.5,2.39
41,0.20500000000000002,56.88,1.45,69.3,2.53,72.32,3.63,65.61,2.43
42,0.21,57.13,1.45,69.8,2.66,72.5,3.66,65.73,2.45
43,0.215,57.53,1.5,70.24,2.7,72.59,3.68,65.77,2.45
44,0.22,57.76,1.52,70.57,2.74,72.83,3.72,65.88,2.45
45,0.225,58.11,1.58,70.86,2.87,72.98,3.74,65.94,2.45
46,0.23,58.23,1.58,71.07,2.91,73.08,3.76,65.94,2.45
47,0.23500000000000001,58.42,1.58,71.3,2.97,73.19,3.78,65.98,2.45
48,0.24,58.65,1.6,71.53,3.01,73.27,3.8,65.98,2.45
49,0.245,59.0,1.64,71.82,3.01,73.44,3.84,66.11,2.47
50,0.25,59.31,1.68,72.07,3.12,73.5,3.84,66.13,2.47
51,0.255,59.54,1.7,72.38,3.18,73.62,3.84,66.21,2.47
52,0.26,59.69,1.72,72.69,3.28,73.77,3.84,66.31,2.47
53,0.265,59.92,1.81,72.94,3.3,73.85,3.84,66.33,2.47
54,0.27,60.12,1.85,73.15,3.39,74.0,3.93,66.38,2.49
55,0.275,60.37,1.85,73.35,3.45,74.08,3.99,66.42,2.53
56,0.28,60.46,1.85,73.54,3.47,74.18,4.03,66.46,2.53
57,0.28500000000000003,60.66,1.85,73.71,3.51,74.31,4.03,66.5,2.53
58,0.29,60.77,1.85,74.0,3.59,74.45,4.05,66.54,2.53
59,0.295,60.96,1.87,74.12,3.61,74.62,4.11,66.6,2.55
60,0.3,61.06,1.87,74.29,3.68,74.81,4.13,66.69,2.58
61,0.305,61.25,1.87,74.45,3.7,74.93,4.22,66.71,2.6
62,0.31,61.43,1.89,74.58,3.78,75.02,4.22,66.77,2.6
63,0.315,61.58,1.89,74.75,3.78,75.22,4.36,66.79,2.62
64,0.32,61.72,1.91,74.89,3.8,75.31,4.36,66.81,2.62
65,0.325,61.87,1.91,75.04,3.84,75.39,4.38,66.87,2.64
66,0.33,62.06,1.97,75.26,3.93,75.53,4.44,66.9,2.64
67,0.335,62.39,2.01,75.31,3.95,75.58,4.44,66.94,2.64
68,0.34,62.55,2.04,75.45,4.01,75.74,4.51,66.98,2.68
69,0.34500000000000003,62.72,2.08,75.56,4.05,75.85,4.55,67.04,2.7
70,0.35000000000000003,62.97,2.12,75.64,4.07,75.97,4.59,67.06,2.72
71,0.355,63.01,2.12,75.78,4.13,76.14,4.61,67.1,2.72
72,0.36,63.12,2.12,75.85,4.2,76.22,4.65,67.14,2.74
73,0.365,63.18,2.14,76.01,4.24,76.28,4.69,67.17,2.76
74,0.37,63.36,2.16,76.05,4.26,76.39,4.74,67.19,2.78
75,0.375,63.51,2.18,76.16,4.28,76.47,4.78,67.21,2.78
76,0.38,63.7,2.18,76.28,4.34,76.59,4.78,67.27,2.78
77,0.385,63.82,2.2,76.45,4.38,76.64,4.8,67.27,2.78
78,0.39,63.93,2.2,76.64,4.42,76.72,4.82,67.31,2.8
79,0.395,64.03,2.22,76.74,4.47,76.74,4.84,67.31,2.8
80,0.4,64.11,2.22,76.84,4.53,76.82,4.84,67.33,2.8
81,0.405,64.24,2.22,76.93,4.57,76.86,4.88,67.33,2.8
82,0.41000000000000003,64.32,2.24,77.01,4.57,76.91,4.88,67.33,2.8
83,0.41500000000000004,64.51,2.26,77.13,4.61,76.99,4.9,67.37,2.8
84,0.42,64.67,2.26,77.28,4.61,77.11,4.92,67.41,2.8
85,0.425,64.82,2.28,77.3,4.63,77.22,5.01,67.44,2.82
86,0.43,64.9,2.28,77.38,4.67,77.32,5.03,67.46,2.82
87,0.435,65.07,2.28,77.45,4.69,77.38,5.09,67.46,2.82
88,0.44,65.15,2.28,77.51,4.71,77.42,5.09,67.48,2.82
89,0.445,65.23,2.31,77.67,4.74,77.47,5.09,67.5,2.82
90,0.45,65.38,2.31,77.76,4.82,77.55,5.11,67.52,2.82
91,0.455,65.48,2.31,77.88,4.82,77.59,5.13,67.54,2.85
92,0.46,65.5,2.31,78.05,4.94,77.61,5.15,67.54,2.85
93,0.465,65.63,2.35,78.13,4.96,77.63,5.17,67.54,2.85
94,0.47000000000000003,65.73,2.37,78.21,5.01,77.69,5.19,67.54,2.85
95,0.47500000000000003,65.77,2.39,78.34,5.05,77.76,5.23,67.56,2.85
96,0.48,65.92,2.41,78.42,5.07,77.84,5.25,67.6,2.85
97,0.485,65.96,2.41,78.5,5.11,77.92,5.25,67.64,2.85
98,0.49,66.09,2.49,78.55,5.11,77.96,5.25,67.66,2.85
99,0.495,66.21,2.51,78.73,5.19,78.01,5.28,67.66,2.85
100,0.5,66.27,2.51,78.75,5.19,78.11,5.34,67.68,2.85
